Red Signal, IR Signal
127745.000000, 158481.000000
127768.000000, 158555.000000
127820.000000, 158671.000000
127891.000000, 158823.000000
127928.000000, 158937.000000
127956.000000, 159001.000000
127910.000000, 158890.000000
127778.000000, 158526.000000
127645.000000, 158135.000000
127551.000000, 157902.000000
127510.000000, 157801.000000
127500.000000, 157776.000000
127527.000000, 157851.000000
127593.000000, 157983.000000
127628.000000, 158096.000000
127665.000000, 158182.000000
127719.000000, 158297.000000
127768.000000, 158415.000000
127812.000000, 158528.000000
127864.000000, 158671.000000
127922.000000, 158787.000000
127968.000000, 158908.000000
128028.000000, 159061.000000
128078.000000, 159183.000000
128064.000000, 159136.000000
127918.000000, 158766.000000
127752.000000, 158306.000000
127639.000000, 157995.000000
127566.000000, 157834.000000
127524.000000, 157730.000000
127521.000000, 157741.000000
127545.000000, 157823.000000
127565.000000, 157863.000000
127547.000000, 157833.000000
127555.000000, 157848.000000
127577.000000, 157905.000000
127601.000000, 157969.000000
127636.000000, 158062.000000
127694.000000, 158197.000000
127746.000000, 158325.000000
127810.000000, 158484.000000
127876.000000, 158634.000000
127932.000000, 158782.000000
127881.000000, 158652.000000
127726.000000, 158233.000000
127597.000000, 157863.000000
127514.000000, 157653.000000
127480.000000, 157569.000000
127476.000000, 157561.000000
127492.000000, 157621.000000
127526.000000, 157714.000000
127529.000000, 157753.000000
127556.000000, 157803.000000
127573.000000, 157883.000000
127602.000000, 157976.000000
127644.000000, 158062.000000
127639.000000, 158114.000000
127663.000000, 158187.000000
127684.000000, 158267.000000
127722.000000, 158381.000000
127757.000000, 158478.000000
127662.000000, 158248.000000
127475.000000, 157769.000000
127339.000000, 157392.000000
127269.000000, 157212.000000
127252.000000, 157185.000000
127275.000000, 157247.000000
127336.000000, 157390.000000
127377.000000, 157526.000000
127390.000000, 157570.000000
127420.000000, 157646.000000
127462.000000, 157737.000000
127497.000000, 157849.000000
127523.000000, 157935.000000
127572.000000, 158069.000000
127594.000000, 158153.000000
127633.000000, 158256.000000
127664.000000, 158345.000000
127609.000000, 158193.000000
127456.000000, 157759.000000
127309.000000, 157339.000000
127203.000000, 157073.000000
127174.000000, 156980.000000
127167.000000, 156971.000000
127199.000000, 157055.000000
127257.000000, 157205.000000
127289.000000, 157301.000000
127310.000000, 157338.000000
127315.000000, 157370.000000
127341.000000, 157436.000000
127376.000000, 157541.000000
127419.000000, 157660.000000
127456.000000, 157782.000000
127494.000000, 157875.000000
127526.000000, 157972.000000
127533.000000, 157996.000000
127395.000000, 157615.000000
127157.000000, 156979.000000
126982.000000, 156504.000000
126887.000000, 156266.000000
126859.000000, 156155.000000
126852.000000, 156140.000000
126896.000000, 156241.000000
126964.000000, 156388.000000
127001.000000, 156456.000000
127020.000000, 156514.000000
127062.000000, 156595.000000
127118.000000, 156719.000000
127181.000000, 156888.000000
127255.000000, 157051.000000
127300.000000, 157205.000000
127368.000000, 157357.000000
127411.000000, 157509.000000
127467.000000, 157645.000000
127449.000000, 157606.000000
127261.000000, 157096.000000
127052.000000, 156526.000000
126934.000000, 156165.000000
126866.000000, 155998.000000
126856.000000, 155950.000000
126884.000000, 156023.000000
126940.000000, 156161.000000
126968.000000, 156253.000000
127003.000000, 156330.000000
127027.000000, 156386.000000
127068.000000, 156498.000000
127111.000000, 156609.000000
127158.000000, 156740.000000
127222.000000, 156884.000000
127281.000000, 157040.000000
127324.000000, 157174.000000
127364.000000, 157301.000000
127401.000000, 157417.000000
127326.000000, 157206.000000
127098.000000, 156601.000000
126902.000000, 156065.000000
126807.000000, 155788.000000
126763.000000, 155688.000000
126785.000000, 155714.000000
126826.000000, 155835.000000
126879.000000, 155962.000000
126920.000000, 156044.000000
126948.000000, 156114.000000
126978.000000, 156215.000000
127024.000000, 156314.000000
127077.000000, 156456.000000
127138.000000, 156633.000000
127206.000000, 156812.000000
127282.000000, 156999.000000
127360.000000, 157184.000000
127417.000000, 157363.000000
127417.000000, 157358.000000
127257.000000, 156897.000000
127035.000000, 156275.000000
126888.000000, 155890.000000
126853.000000, 155753.000000
126847.000000, 155751.000000
126884.000000, 155823.000000
126929.000000, 155992.000000
126980.000000, 156116.000000
127015.000000, 156178.000000
127051.000000, 156281.000000
127093.000000, 156411.000000
127137.000000, 156527.000000
127183.000000, 156667.000000
127234.000000, 156804.000000
127289.000000, 156974.000000
127349.000000, 157134.000000
127387.000000, 157281.000000
127448.000000, 157432.000000
127508.000000, 157596.000000
127513.000000, 157627.000000
127360.000000, 157195.000000
127124.000000, 156545.000000
126948.000000, 156067.000000
126860.000000, 155831.000000
126826.000000, 155750.000000
126846.000000, 155795.000000
126884.000000, 155901.000000
126938.000000, 156033.000000
126971.000000, 156124.000000
126996.000000, 156186.000000
127020.000000, 156269.000000
127054.000000, 156336.000000
127087.000000, 156445.000000
127125.000000, 156587.000000
127181.000000, 156728.000000
127225.000000, 156871.000000
127281.000000, 157009.000000
127333.000000, 157156.000000
127388.000000, 157317.000000
127446.000000, 157459.000000
127464.000000, 157530.000000
127330.000000, 157178.000000
127110.000000, 156584.000000
126946.000000, 156157.000000
126896.000000, 156016.000000
126883.000000, 155970.000000
126892.000000, 156029.000000
126951.000000, 156185.000000
127015.000000, 156362.000000
127052.000000, 156459.000000
127078.000000, 156535.000000
127103.000000, 156615.000000
127152.000000, 156734.000000
127180.000000, 156837.000000
127192.000000, 156910.000000
127242.000000, 157045.000000
127294.000000, 157186.000000
127334.000000, 157320.000000
127396.000000, 157477.000000
127475.000000, 157676.000000
127516.000000, 157814.000000
127439.000000, 157607.000000
127277.000000, 157181.000000
127137.000000, 156840.000000
127075.000000, 156700.000000
127072.000000, 156671.000000
127098.000000, 156737.000000
127150.000000, 156880.000000
127189.000000, 156989.000000
127219.000000, 157075.000000
127257.000000, 157183.000000
127299.000000, 157278.000000
127341.000000, 157403.000000
127405.000000, 157551.000000
127467.000000, 157741.000000
127513.000000, 157881.000000
127531.000000, 157970.000000
127568.000000, 158075.000000
127612.000000, 158208.000000
127633.000000, 158284.000000
127529.000000, 158019.000000
127350.000000, 157541.000000
127197.000000, 157144.000000
127126.000000, 156938.000000
127097.000000, 156865.000000
127075.000000, 156827.000000
127095.000000, 156891.000000
127123.000000, 156976.000000
127162.000000, 157056.000000
127182.000000, 157113.000000
127197.000000, 157171.000000
127227.000000, 157256.000000
127264.000000, 157349.000000
127293.000000, 157449.000000
127338.000000, 157582.000000
127390.000000, 157728.000000
127439.000000, 157852.000000
127477.000000, 157959.000000
127508.000000, 158060.000000
127529.000000, 158146.000000
127437.000000, 157877.000000
127258.000000, 157379.000000
127096.000000, 156953.000000
127008.000000, 156713.000000
126960.000000, 156600.000000
126944.000000, 156591.000000
126981.000000, 156678.000000
127043.000000, 156795.000000
127053.000000, 156861.000000
127079.000000, 156894.000000
127085.000000, 156949.000000
127111.000000, 157029.000000
127147.000000, 157124.000000
127192.000000, 157265.000000
127242.000000, 157400.000000
127293.000000, 157556.000000
127350.000000, 157712.000000
127398.000000, 157860.000000
127452.000000, 158004.000000
127472.000000, 158044.000000
127331.000000, 157693.000000
127129.000000, 157150.000000
126978.000000, 156716.000000
126872.000000, 156483.000000
126825.000000, 156373.000000
126794.000000, 156313.000000
126818.000000, 156398.000000
126853.000000, 156484.000000
126858.000000, 156519.000000
126861.000000, 156547.000000
126873.000000, 156578.000000
126904.000000, 156664.000000
126939.000000, 156754.000000
126981.000000, 156868.000000
127045.000000, 157023.000000
127115.000000, 157209.000000
127168.000000, 157366.000000
127205.000000, 157488.000000
127265.000000, 157642.000000
127198.000000, 157494.000000
127017.000000, 157016.000000
126861.000000, 156560.000000
126786.000000, 156363.000000
126779.000000, 156313.000000
126793.000000, 156365.000000
126876.000000, 156545.000000
126931.000000, 156701.000000
126956.000000, 156771.000000
126984.000000, 156856.000000
127040.000000, 156971.000000
127056.000000, 157046.000000
127096.000000, 157132.000000
127162.000000, 157286.000000
127210.000000, 157443.000000
127256.000000, 157572.000000
127321.000000, 157714.000000
127384.000000, 157857.000000
127334.000000, 157731.000000
127158.000000, 157255.000000
126963.000000, 156735.000000
126842.000000, 156417.000000
126793.000000, 156276.000000
126807.000000, 156278.000000
126825.000000, 156330.000000
126853.000000, 156433.000000
126863.000000, 156483.000000
126887.000000, 156536.000000
126905.000000, 156586.000000
126932.000000, 156685.000000
126972.000000, 156800.000000
126993.000000, 156880.000000
127021.000000, 156964.000000
127056.000000, 157074.000000
127092.000000, 157180.000000
127123.000000, 157277.000000
127120.000000, 157298.000000
126984.000000, 156933.000000
126779.000000, 156361.000000
126601.000000, 155890.000000
126499.000000, 155628.000000
126463.000000, 155521.000000
126464.000000, 155526.000000
126496.000000, 155604.000000
126511.000000, 155664.000000
126533.000000, 155725.000000
126535.000000, 155736.000000
126554.000000, 155795.000000
126595.000000, 155896.000000
126625.000000, 155999.000000
126676.000000, 156108.000000
126720.000000, 156249.000000
126791.000000, 156405.000000
126837.000000, 156542.000000
126896.000000, 156694.000000
126934.000000, 156793.000000
126833.000000, 156501.000000
126612.000000, 155929.000000
126430.000000, 155475.000000
126357.000000, 155287.000000
126329.000000, 155219.000000
126363.000000, 155281.000000
126407.000000, 155407.000000
126488.000000, 155607.000000
126534.000000, 155716.000000
126567.000000, 155806.000000
126642.000000, 155976.000000
126720.000000, 156143.000000
126813.000000, 156361.000000
126890.000000, 156572.000000
126995.000000, 156812.000000
127113.000000, 157072.000000
127270.000000, 157406.000000
127361.000000, 157616.000000
127402.000000, 157733.000000
127333.000000, 157507.000000
127129.000000, 157016.000000
126959.000000, 156568.000000
126882.000000, 156379.000000
126871.000000, 156343.000000
126861.000000, 156350.000000
126896.000000, 156457.000000
126925.000000, 156541.000000
126923.000000, 156514.000000
126904.000000, 156472.000000
126930.000000, 156543.000000
127012.000000, 156743.000000
127117.000000, 156972.000000
127204.000000, 157175.000000
127278.000000, 157387.000000
127399.000000, 157708.000000
127531.000000, 158055.000000
127612.000000, 158293.000000
127424.000000, 157835.000000
127203.000000, 157303.000000
127043.000000, 156894.000000
126952.000000, 156697.000000
126899.000000, 156587.000000
126888.000000, 156517.000000
126890.000000, 156550.000000
126898.000000, 156601.000000
126883.000000, 156602.000000
126881.000000, 156551.000000
126857.000000, 156533.000000
126840.000000, 156510.000000
126838.000000, 156513.000000
126855.000000, 156570.000000
126898.000000, 156692.000000
126930.000000, 156788.000000
127079.000000, 157908.000000
126980.000000, 157670.000000
126937.000000, 157560.000000
126899.000000, 157516.000000
126889.000000, 157511.000000
126904.000000, 157590.000000
126934.000000, 157684.000000
126942.000000, 157720.000000
126940.000000, 157742.000000
126961.000000, 157827.000000
126981.000000, 157887.000000
126979.000000, 157925.000000
126995.000000, 157984.000000
127031.000000, 158076.000000
127079.000000, 158187.000000
127108.000000, 158280.000000
127112.000000, 158332.000000
127154.000000, 158416.000000
127177.000000, 158495.000000
127119.000000, 158335.000000
127025.000000, 158064.000000
126927.000000, 157864.000000
126895.000000, 157774.000000
126889.000000, 157753.000000
126887.000000, 157770.000000
126908.000000, 157816.000000
126933.000000, 157884.000000
126950.000000, 157922.000000
126946.000000, 157933.000000
126970.000000, 157966.000000
126985.000000, 158015.000000
126998.000000, 158063.000000
127002.000000, 158110.000000
127019.000000, 158150.000000
127026.000000, 158187.000000
127028.000000, 158213.000000
127020.000000, 158219.000000
126925.000000, 158107.000000
126812.000000, 157823.000000
126666.000000, 157431.000000
126538.000000, 157117.000000
126453.000000, 156943.000000
126415.000000, 156857.000000
126409.000000, 156858.000000
126448.000000, 156946.000000
126509.000000, 157081.000000
126544.000000, 157185.000000
126577.000000, 157248.000000
126627.000000, 157358.000000
126667.000000, 157470.000000
126724.000000, 157599.000000
126787.000000, 157747.000000
126843.000000, 157870.000000
126882.000000, 157978.000000
126927.000000, 158083.000000
126971.000000, 158202.000000
127013.000000, 158297.000000
126956.000000, 158155.000000
126812.000000, 157773.000000
126675.000000, 157380.000000
126565.000000, 157095.000000
126492.000000, 156930.000000
126441.000000, 156798.000000
126420.000000, 156730.000000
126409.000000, 156736.000000
126407.000000, 156741.000000
126402.000000, 156733.000000
126388.000000, 156710.000000
126400.000000, 156722.000000
126426.000000, 156779.000000
126497.000000, 156954.000000
126578.000000, 157151.000000
126632.000000, 157273.000000
126695.000000, 157424.000000
126760.000000, 157562.000000
126815.000000, 157711.000000
126836.000000, 157738.000000
126706.000000, 157401.000000
126560.000000, 156961.000000
126438.000000, 156633.000000
126396.000000, 156504.000000
126370.000000, 156446.000000
126380.000000, 156430.000000
126406.000000, 156511.000000
126450.000000, 156592.000000
126458.000000, 156592.000000
126442.000000, 156554.000000
126439.000000, 156540.000000
126465.000000, 156562.000000
126494.000000, 156598.000000
126541.000000, 156684.000000
126564.000000, 156771.000000
126597.000000, 156864.000000
126635.000000, 156937.000000
126663.000000, 157024.000000
126644.000000, 156976.000000
126520.000000, 156638.000000
126341.000000, 156178.000000
126229.000000, 155846.000000
126173.000000, 155690.000000
126967.000000, 156609.000000
126976.000000, 156635.000000
127013.000000, 156707.000000
127069.000000, 156820.000000
127125.000000, 156958.000000
127165.000000, 157125.000000
127210.000000, 157269.000000
127242.000000, 157383.000000
127187.000000, 157235.000000
127003.000000, 156754.000000
126809.000000, 156261.000000
126722.000000, 156013.000000
126658.000000, 155864.000000
126627.000000, 155772.000000
126641.000000, 155806.000000
126718.000000, 156029.000000
126866.000000, 156370.000000
126995.000000, 156646.000000
127059.000000, 156780.000000
127105.000000, 156889.000000
127169.000000, 157058.000000
127223.000000, 157227.000000
127276.000000, 157375.000000
127312.000000, 157499.000000
127341.000000, 157574.000000
127368.000000, 157669.000000
127425.000000, 157785.000000
127407.000000, 157750.000000
127265.000000, 157379.000000
127106.000000, 156960.000000
127005.000000, 156686.000000
126970.000000, 156588.000000
126987.000000, 156649.000000
126998.000000, 156670.000000
126985.000000, 156634.000000
126962.000000, 156608.000000
126961.000000, 156624.000000
126974.000000, 156704.000000
127029.000000, 156835.000000
127047.000000, 156895.000000
127040.000000, 156910.000000
127055.000000, 156955.000000
127068.000000, 157015.000000
127094.000000, 157096.000000
127002.000000, 156850.000000
126799.000000, 156265.000000
126618.000000, 155773.000000
126552.000000, 155586.000000
126552.000000, 155600.000000
126573.000000, 155656.000000
126633.000000, 155788.000000
126680.000000, 155909.000000
126714.000000, 156019.000000
126761.000000, 156158.000000
126823.000000, 156305.000000
126890.000000, 156423.000000
126950.000000, 156556.000000
127006.000000, 156705.000000
127075.000000, 156860.000000
127127.000000, 157034.000000
127161.000000, 157131.000000
127136.000000, 157065.000000
126962.000000, 156580.000000
126751.000000, 156019.000000
126613.000000, 155630.000000
126535.000000, 155416.000000
126492.000000, 155302.000000
126500.000000, 155305.000000
126535.000000, 155397.000000
126568.000000, 155482.000000
126617.000000, 155589.000000
126676.000000, 155716.000000
126713.000000, 155821.000000
126722.000000, 155872.000000
126741.000000, 155925.000000
126771.000000, 156018.000000
126822.000000, 156131.000000
126881.000000, 156293.000000
126927.000000, 156443.000000
126970.000000, 156524.000000
126873.000000, 156232.000000
126669.000000, 155656.000000
126502.000000, 155233.000000
126451.000000, 155074.000000
126461.000000, 155076.000000
126513.000000, 155208.000000
126618.000000, 155450.000000
126709.000000, 155668.000000
126770.000000, 155820.000000
126806.000000, 155896.000000
126838.000000, 155961.000000
126863.000000, 156015.000000
126884.000000, 156077.000000
126933.000000, 156187.000000
126977.000000, 156301.000000
127003.000000, 156371.000000
127024.000000, 156401.000000
127038.000000, 156450.000000
127056.000000, 156503.000000
126972.000000, 156289.000000
126783.000000, 155378.000000
126715.000000, 155163.000000
126730.000000, 155181.000000
126749.000000, 155213.000000
126814.000000, 155371.000000
126898.000000, 155593.000000
126962.000000, 155749.000000
127020.000000, 155878.000000
127061.000000, 155981.000000
127084.000000, 156082.000000
127142.000000, 156249.000000
127210.000000, 156443.000000
127278.000000, 156635.000000
127359.000000, 156842.000000
127444.000000, 157061.000000
127518.000000, 157273.000000
127562.000000, 157415.000000
127613.000000, 157553.000000
127652.000000, 157662.000000
127521.000000, 157319.000000
127243.000000, 156579.000000
127016.000000, 155953.000000
126911.000000, 155666.000000
126882.000000, 155574.000000
126881.000000, 155590.000000
126929.000000, 155705.000000
126995.000000, 155900.000000
127049.000000, 156031.000000
127068.000000, 156096.000000
127103.000000, 156176.000000
127139.000000, 156291.000000
127196.000000, 156423.000000
127365.000000, 156866.000000
127410.000000, 157006.000000
127454.000000, 157136.000000
127484.000000, 157245.000000
127535.000000, 157370.000000
127568.000000, 157497.000000
127525.000000, 157377.000000
127279.000000, 156735.000000
127011.000000, 155999.000000
126818.000000, 155502.000000
126737.000000, 155281.000000
126699.000000, 155198.000000
126716.000000, 155248.000000
126774.000000, 155406.000000
126808.000000, 155514.000000
126830.000000, 155554.000000
126855.000000, 155607.000000
126889.000000, 155705.000000
126912.000000, 155807.000000
126969.000000, 155931.000000
127028.000000, 156094.000000
127079.000000, 156250.000000
127136.000000, 156418.000000
127191.000000, 156562.000000
127233.000000, 156712.000000
127265.000000, 156781.000000
127110.000000, 156367.000000
126856.000000, 155646.000000
126645.000000, 155102.000000
126557.000000, 154871.000000
126563.000000, 154851.000000
126602.000000, 154957.000000
126664.000000, 155118.000000
126712.000000, 155245.000000
126724.000000, 155288.000000
126741.000000, 155316.000000
126773.000000, 155376.000000
126795.000000, 155461.000000
126832.000000, 155571.000000
126894.000000, 155728.000000
126949.000000, 155868.000000
126996.000000, 156000.000000
127036.000000, 156126.000000
127098.000000, 156275.000000
127149.000000, 156403.000000
127060.000000, 156177.000000
126787.000000, 155436.000000
126519.000000, 154712.000000
126394.000000, 154342.000000
126369.000000, 154275.000000
126384.000000, 154306.000000
126436.000000, 154470.000000
126526.000000, 154721.000000
126602.000000, 154903.000000
126650.000000, 155013.000000
126710.000000, 155138.000000
126782.000000, 155312.000000
126858.000000, 155504.000000
126956.000000, 155758.000000
127049.000000, 155996.000000
127148.000000, 156223.000000
127239.000000, 156466.000000
127345.000000, 156718.000000
127418.000000, 156926.000000
127513.000000, 157153.000000
127497.000000, 157081.000000
127317.000000, 156537.000000
127167.000000, 156062.000000
125862.000000, 152951.000000
125948.000000, 153152.000000
125939.000000, 153121.000000
125709.000000, 152517.000000
125444.000000, 151816.000000
125288.000000, 151392.000000
125219.000000, 151204.000000
125225.000000, 151225.000000
125245.000000, 151295.000000
125243.000000, 151316.000000
125230.000000, 151282.000000
125224.000000, 151251.000000
125228.000000, 151281.000000
125251.000000, 151362.000000
125308.000000, 151466.000000
125340.000000, 151577.000000
125395.000000, 151719.000000
125448.000000, 151837.000000
125480.000000, 151941.000000
125524.000000, 152052.000000
125572.000000, 152164.000000
125604.000000, 152258.000000
125495.000000, 151944.000000
125229.000000, 151253.000000
125045.000000, 150745.000000
124964.000000, 150531.000000
124966.000000, 150509.000000
124979.000000, 150550.000000
125056.000000, 150687.000000
125142.000000, 150877.000000
125210.000000, 151054.000000
125294.000000, 151241.000000
125610.000000, 151968.000000
125721.000000, 152232.000000
125829.000000, 152486.000000
125921.000000, 152701.000000
125983.000000, 152865.000000
126037.000000, 152996.000000
126082.000000, 153099.000000
126108.000000, 153195.000000
126005.000000, 152900.000000
125727.000000, 152180.000000
125497.000000, 151584.000000
125389.000000, 151295.000000
125367.000000, 151246.000000
125411.000000, 151351.000000
125462.000000, 151498.000000
125491.000000, 151553.000000
125486.000000, 151535.000000
125484.000000, 151505.000000
125504.000000, 151535.000000
125546.000000, 151628.000000
125606.000000, 151795.000000
125683.000000, 151999.000000
125782.000000, 152257.000000
125867.000000, 152459.000000
125914.000000, 152589.000000
125950.000000, 152694.000000
125864.000000, 152444.000000
125605.000000, 151783.000000
125444.000000, 151325.000000
125383.000000, 151169.000000
125393.000000, 151164.000000
125445.000000, 151264.000000
125551.000000, 151503.000000
125676.000000, 151791.000000
125744.000000, 151969.000000
125748.000000, 152035.000000
125788.000000, 152146.000000
125847.000000, 152304.000000
125915.000000, 152467.000000
125993.000000, 152676.000000
126048.000000, 152877.000000
126115.000000, 153054.000000
126191.000000, 153244.000000
126248.000000, 153397.000000
126268.000000, 153450.000000
126107.000000, 153049.000000
125850.000000, 152376.000000
125648.000000, 151868.000000
125532.000000, 151560.000000
125470.000000, 151415.000000
125449.000000, 151373.000000
125498.000000, 151510.000000
125564.000000, 151669.000000
125625.000000, 151790.000000
125696.000000, 151951.000000
125786.000000, 152148.000000
125883.000000, 152358.000000
125968.000000, 152588.000000
126077.000000, 152882.000000
126198.000000, 153174.000000
126315.000000, 153459.000000
126422.000000, 153735.000000
126528.000000, 154009.000000
126658.000000, 154306.000000
126652.000000, 154288.000000
126486.000000, 153862.000000
126300.000000, 153391.000000
126180.000000, 153081.000000
127611.000000, 156945.000000
127604.000000, 156951.000000
127504.000000, 156648.000000
127350.000000, 156253.000000
127266.000000, 156013.000000
127254.000000, 155980.000000
127276.000000, 156045.000000
127329.000000, 156187.000000
127411.000000, 156380.000000
127473.000000, 156551.000000
127511.000000, 156645.000000
127534.000000, 156708.000000
127556.000000, 156787.000000
127590.000000, 156871.000000
127642.000000, 156996.000000
127676.000000, 157112.000000
127712.000000, 157195.000000
127731.000000, 157259.000000
127768.000000, 157397.000000
127822.000000, 157530.000000
127773.000000, 157423.000000
127605.000000, 156968.000000
127442.000000, 156572.000000
127365.000000, 156381.000000
127319.000000, 156278.000000
127308.000000, 156267.000000
127276.000000, 156178.000000
127248.000000, 156116.000000
127238.000000, 156084.000000
127216.000000, 155995.000000
127223.000000, 156062.000000
127314.000000, 156298.000000
127470.000000, 156664.000000
127516.000000, 156790.000000
127569.000000, 156898.000000
127578.000000, 156911.000000
127614.000000, 156991.000000
127624.000000, 157055.000000
127521.000000, 156743.000000
127338.000000, 156248.000000
127216.000000, 155893.000000
127133.000000, 155682.000000
127071.000000, 155540.000000
127049.000000, 155509.000000
127052.000000, 155538.000000
127071.000000, 155584.000000
127049.000000, 155565.000000
127027.000000, 155506.000000
127019.000000, 155506.000000
127040.000000, 155551.000000
127061.000000, 155644.000000
127087.000000, 155729.000000
127131.000000, 155806.000000
127150.000000, 155920.000000
127180.000000, 155998.000000
127209.000000, 156072.000000
127131.000000, 155866.000000
126935.000000, 155300.000000
126709.000000, 154717.000000
126575.000000, 154385.000000
126537.000000, 154267.000000
126532.000000, 154262.000000
126585.000000, 154401.000000
126644.000000, 154548.000000
126683.000000, 154639.000000
126698.000000, 154665.000000
126690.000000, 154677.000000
126722.000000, 154750.000000
126773.000000, 154858.000000
126827.000000, 155016.000000
126895.000000, 155184.000000
126932.000000, 155296.000000
126973.000000, 155404.000000
126973.000000, 155401.000000
126817.000000, 154993.000000
126584.000000, 154394.000000
126442.000000, 153973.000000
126405.000000, 153859.000000
126405.000000, 153855.000000
126434.000000, 153961.000000
126514.000000, 154149.000000
126580.000000, 154308.000000
126615.000000, 154389.000000
126626.000000, 154421.000000
126668.000000, 154545.000000
126731.000000, 154700.000000
126790.000000, 154833.000000
126849.000000, 155009.000000
126907.000000, 155162.000000
126974.000000, 155320.000000
127037.000000, 155503.000000
127097.000000, 155630.000000
127010.000000, 155413.000000
126790.000000, 154807.000000
126601.000000, 154309.000000
126510.000000, 154050.000000
126470.000000, 153955.000000
126462.000000, 153955.000000
126515.000000, 154087.000000
126564.000000, 154233.000000
126593.000000, 154278.000000
126599.000000, 154308.000000
126605.000000, 154319.000000
126619.000000, 154365.000000
126662.000000, 154473.000000
126712.000000, 154605.000000
126761.000000, 154741.000000
126815.000000, 154868.000000
126876.000000, 155022.000000
126932.000000, 155184.000000
126988.000000, 155338.000000
126989.000000, 155336.000000
126821.000000, 154874.000000
126637.000000, 154361.000000
126537.000000, 154109.000000
126527.000000, 154071.000000
126547.000000, 154121.000000
126606.000000, 154259.000000
126692.000000, 154475.000000
126750.000000, 154642.000000
126782.000000, 154716.000000
126801.000000, 154789.000000
126831.000000, 154855.000000
126868.000000, 154954.000000
126926.000000, 155115.000000
126992.000000, 155268.000000
127033.000000, 155389.000000
127086.000000, 155515.000000
127142.000000, 155669.000000
127177.000000, 155764.000000
127157.000000, 155742.000000
126998.000000, 155297.000000
126670.000000, 154423.000000
126707.000000, 154541.000000
126736.000000, 154615.000000
126764.000000, 154691.000000
126806.000000, 154819.000000
126861.000000, 154957.000000
126931.000000, 155118.000000
126995.000000, 155290.000000
127053.000000, 155451.000000
127098.000000, 155597.000000
127149.000000, 155720.000000
127149.000000, 155699.000000
126975.000000, 155245.000000
126786.000000, 154706.000000
126676.000000, 154418.000000
126651.000000, 154353.000000
126671.000000, 154407.000000
126735.000000, 154576.000000
126816.000000, 154776.000000
126853.000000, 154877.000000
126874.000000, 154937.000000
126880.000000, 154973.000000
126904.000000, 155042.000000
126940.000000, 155123.000000
126989.000000, 155252.000000
127035.000000, 155381.000000
127083.000000, 155508.000000
127118.000000, 155633.000000
127174.000000, 155746.000000
127202.000000, 155826.000000
127102.000000, 155546.000000
126844.000000, 154873.000000
126641.000000, 154306.000000
126532.000000, 154037.000000
126515.000000, 153980.000000
126538.000000, 154029.000000
126591.000000, 154187.000000
126683.000000, 154425.000000
126731.000000, 154552.000000
126748.000000, 154628.000000
126797.000000, 154728.000000
126845.000000, 154845.000000
126910.000000, 155022.000000
126978.000000, 155206.000000
127052.000000, 155408.000000
127119.000000, 155594.000000
127176.000000, 155752.000000
127230.000000, 155901.000000
127262.000000, 156016.000000
127224.000000, 155918.000000
127021.000000, 155335.000000
126805.000000, 154745.000000
126702.000000, 154479.000000
126671.000000, 154420.000000
126693.000000, 154483.000000
126768.000000, 154661.000000
126848.000000, 154874.000000
126894.000000, 155013.000000
126920.000000, 155097.000000
126950.000000, 155175.000000
127001.000000, 155332.000000
127066.000000, 155477.000000
127116.000000, 155631.000000
127179.000000, 155799.000000
127238.000000, 155968.000000
127280.000000, 156100.000000
127317.000000, 156209.000000
127359.000000, 156316.000000
127389.000000, 156435.000000
127319.000000, 156252.000000
127122.000000, 155712.000000
126926.000000, 155217.000000
126839.000000, 154975.000000
126799.000000, 154895.000000
126789.000000, 154896.000000
126831.000000, 155015.000000
126874.000000, 155119.000000
126894.000000, 155200.000000
126925.000000, 155255.000000
126944.000000, 155324.000000
126973.000000, 155405.000000
127019.000000, 155536.000000
127084.000000, 155702.000000
127148.000000, 155865.000000
127210.000000, 156013.000000
127262.000000, 156182.000000
127315.000000, 156320.000000
127349.000000, 156389.000000
127215.000000, 156060.000000
127008.000000, 155502.000000
126855.000000, 155111.000000
126788.000000, 154949.000000
126776.000000, 154918.000000
126792.000000, 154967.000000
126841.000000, 155089.000000
126883.000000, 155193.000000
126908.000000, 155245.000000
126910.000000, 155288.000000
126933.000000, 155359.000000
126986.000000, 155487.000000
127257.000000, 156213.000000
127287.000000, 156301.000000
127178.000000, 155992.000000
126956.000000, 155391.000000
126768.000000, 154914.000000
126692.000000, 154709.000000
126677.000000, 154677.000000
126672.000000, 154657.000000
126712.000000, 154757.000000
126774.000000, 154902.000000
126797.000000, 154983.000000
126799.000000, 154990.000000
126822.000000, 155032.000000
126855.000000, 155122.000000
126886.000000, 155204.000000
126903.000000, 155283.000000
126949.000000, 155388.000000
127003.000000, 155497.000000
127028.000000, 155596.000000
127065.000000, 155697.000000
127085.000000, 155748.000000
126976.000000, 155473.000000
126746.000000, 154827.000000
126525.000000, 154233.000000
126394.000000, 153932.000000
126379.000000, 153825.000000
126367.000000, 153828.000000
126437.000000, 153982.000000
126491.000000, 154144.000000
126531.000000, 154242.000000
126547.000000, 154299.000000
126593.000000, 154386.000000
126624.000000, 154470.000000
126666.000000, 154578.000000
126725.000000, 154738.000000
126795.000000, 154907.000000
126851.000000, 155054.000000
126896.000000, 155161.000000
126932.000000, 155284.000000
126981.000000, 155410.000000
126969.000000, 155379.000000
126777.000000, 154867.000000
126537.000000, 154215.000000
126386.000000, 153830.000000
126343.000000, 153704.000000
126363.000000, 153706.000000
126415.000000, 153849.000000
126467.000000, 154009.000000
126508.000000, 154097.000000
126535.000000, 154148.000000
126547.000000, 154184.000000
126594.000000, 154292.000000
126648.000000, 154419.000000
126706.000000, 154556.000000
126770.000000, 154724.000000
126834.000000, 154895.000000
126901.000000, 155067.000000
126982.000000, 155259.000000
126987.000000, 155263.000000
126813.000000, 154786.000000
126557.000000, 154106.000000
126412.000000, 153705.000000
126395.000000, 153611.000000
126413.000000, 153667.000000
126467.000000, 153803.000000
126563.000000, 154037.000000
126636.000000, 154231.000000
126689.000000, 154354.000000
126708.000000, 154427.000000
126760.000000, 154547.000000
126806.000000, 154675.000000
126855.000000, 154778.000000
126916.000000, 154922.000000
126972.000000, 155078.000000
127009.000000, 155164.000000
127042.000000, 155280.000000
127101.000000, 155433.000000
127021.000000, 155212.000000
126748.000000, 154470.000000
126484.000000, 153759.000000
126342.000000, 153395.000000
126310.000000, 153304.000000
126322.000000, 153331.000000
126372.000000, 153466.000000
126449.000000, 153670.000000
126504.000000, 153820.000000
126537.000000, 153910.000000
126551.000000, 153946.000000
126582.000000, 154023.000000
126628.000000, 154146.000000
126687.000000, 154289.000000
126743.000000, 154420.000000
126789.000000, 154534.000000
126831.000000, 154668.000000
126870.000000, 154804.000000
126927.000000, 154940.000000
126901.000000, 154850.000000
126657.000000, 154217.000000
126397.000000, 153519.000000
126261.000000, 153140.000000
126474.000000, 153695.000000
126513.000000, 153773.000000
126552.000000, 153874.000000
126601.000000, 153993.000000
126650.000000, 154132.000000
126705.000000, 154281.000000
126789.000000, 154488.000000
126860.000000, 154686.000000
126919.000000, 154847.000000
126997.000000, 155043.000000
126942.000000, 154901.000000
126714.000000, 154286.000000
126512.000000, 153723.000000
126419.000000, 153476.000000
126402.000000, 153446.000000
126429.000000, 153524.000000
126528.000000, 153771.000000
126634.000000, 154037.000000
126695.000000, 154191.000000
126729.000000, 154286.000000
126778.000000, 154414.000000
126829.000000, 154561.000000
126889.000000, 154725.000000
126959.000000, 154880.000000
127010.000000, 155038.000000
127074.000000, 155202.000000
127140.000000, 155369.000000
127144.000000, 155388.000000
126956.000000, 154901.000000
126720.000000, 154236.000000
126568.000000, 153849.000000
126544.000000, 153768.000000
126575.000000, 153838.000000
126654.000000, 154036.000000
126733.000000, 154255.000000
126794.000000, 154414.000000
126837.000000, 154503.000000
126864.000000, 154594.000000
126917.000000, 154717.000000
126963.000000, 154862.000000
127033.000000, 155028.000000
127104.000000, 155222.000000
127172.000000, 155401.000000
127221.000000, 155540.000000
127278.000000, 155691.000000
127271.000000, 155674.000000
127057.000000, 155110.000000
126763.000000, 154335.000000
126595.000000, 153861.000000
126526.000000, 153698.000000
126516.000000, 153654.000000
126541.000000, 153736.000000
126623.000000, 153943.000000
126701.000000, 154137.000000
126735.000000, 154219.000000
126756.000000, 154305.000000
126820.000000, 154441.000000
126880.000000, 154603.000000
126945.000000, 154781.000000
127011.000000, 154979.000000
127077.000000, 155157.000000
127139.000000, 155316.000000
127193.000000, 155467.000000
127245.000000, 155623.000000
127249.000000, 155623.000000
127051.000000, 155093.000000
126816.000000, 154476.000000
126676.000000, 154145.000000
126650.000000, 154047.000000
126642.000000, 154044.000000
126676.000000, 154136.000000
126742.000000, 154336.000000
126797.000000, 154497.000000
126825.000000, 154564.000000
126847.000000, 154629.000000
126877.000000, 154721.000000
126925.000000, 154850.000000
126977.000000, 155014.000000
127048.000000, 155181.000000
127103.000000, 155359.000000
127166.000000, 155531.000000
127232.000000, 155696.000000
127296.000000, 155867.000000
127312.000000, 155904.000000
127152.000000, 155475.000000
126947.000000, 154944.000000
126834.000000, 154667.000000
126804.000000, 154585.000000
126812.000000, 154617.000000
126868.000000, 154753.000000
126951.000000, 154961.000000
126999.000000, 155074.000000
127007.000000, 155112.000000
127006.000000, 155141.000000
127048.000000, 155228.000000
127087.000000, 155331.000000
127116.000000, 155422.000000
127173.000000, 155563.000000
127216.000000, 155672.000000
127271.000000, 155830.000000
126816.000000, 154642.000000
126794.000000, 154598.000000
126819.000000, 154669.000000
126865.000000, 154801.000000
126925.000000, 154948.000000
126955.000000, 155038.000000
126992.000000, 155109.000000
127038.000000, 155246.000000
127108.000000, 155401.000000
127185.000000, 155575.000000
127251.000000, 155747.000000
127318.000000, 155936.000000
127382.000000, 156094.000000
127438.000000, 156249.000000
127491.000000, 156395.000000
127546.000000, 156523.000000
127481.000000, 156367.000000
127268.000000, 155792.000000
127071.000000, 155279.000000
126951.000000, 154988.000000
126904.000000, 154845.000000
126905.000000, 154863.000000
126963.000000, 154996.000000
127026.000000, 155166.000000
127070.000000, 155288.000000
127084.000000, 155337.000000
127115.000000, 155406.000000
127158.000000, 155525.000000
127206.000000, 155659.000000
127258.000000, 155787.000000
127308.000000, 155944.000000
127371.000000, 156105.000000
127428.000000, 156244.000000
127484.000000, 156408.000000
127535.000000, 156549.000000
127503.000000, 156460.000000
127313.000000, 155942.000000
127089.000000, 155354.000000
126961.000000, 155037.000000
126921.000000, 154892.000000
126923.000000, 154895.000000
126964.000000, 155013.000000
127019.000000, 155169.000000
127059.000000, 155279.000000
127094.000000, 155359.000000
127135.000000, 155456.000000
127183.000000, 155561.000000
127222.000000, 155649.000000
127271.000000, 155799.000000
127322.000000, 155935.000000
127371.000000, 156068.000000
127426.000000, 156208.000000
127483.000000, 156357.000000
127483.000000, 156349.000000
127292.000000, 155843.000000
127080.000000, 155261.000000
126967.000000, 154985.000000
126946.000000, 154910.000000
126956.000000, 154944.000000
127009.000000, 155062.000000
127071.000000, 155222.000000
127112.000000, 155326.000000
127134.000000, 155361.000000
127137.000000, 155378.000000
127176.000000, 155486.000000
127228.000000, 155609.000000
127282.000000, 155749.000000
127348.000000, 155891.000000
127377.000000, 156019.000000
127408.000000, 156165.000000
127496.000000, 156412.000000
127585.000000, 156591.000000
127441.000000, 156221.000000
127258.000000, 155698.000000
127157.000000, 155405.000000
127126.000000, 155320.000000
127131.000000, 155324.000000
127159.000000, 155400.000000
127231.000000, 155572.000000
127284.000000, 155718.000000
127313.000000, 155774.000000
127323.000000, 155814.000000
127361.000000, 155900.000000
127414.000000, 156036.000000
127477.000000, 156174.000000
127538.000000, 156347.000000
127600.000000, 156507.000000
127647.000000, 156638.000000
127714.000000, 156797.000000
127768.000000, 156951.000000
127742.000000, 156890.000000
127531.000000, 156338.000000
127313.000000, 155733.000000
127188.000000, 155399.000000
127139.000000, 155282.000000
127130.000000, 155259.000000
127160.000000, 155353.000000
127206.000000, 155468.000000
127246.000000, 155576.000000
127273.000000, 155661.000000
127497.000000, 156248.000000
127546.000000, 156390.000000
127569.000000, 156469.000000
127611.000000, 156565.000000
127627.000000, 156631.000000
127570.000000, 156469.000000
127352.000000, 155876.000000
127114.000000, 155246.000000
126979.000000, 154923.000000
126962.000000, 154856.000000
126967.000000, 154883.000000
127048.000000, 155074.000000
127115.000000, 155262.000000
127162.000000, 155353.000000
127169.000000, 155412.000000
127209.000000, 155510.000000
127267.000000, 155651.000000
127327.000000, 155788.000000
127387.000000, 155949.000000
127458.000000, 156143.000000
127525.000000, 156320.000000
127599.000000, 156491.000000
127636.000000, 156633.000000
127669.000000, 156718.000000
127557.000000, 156380.000000
127306.000000, 155716.000000
127080.000000, 155163.000000
127013.000000, 154948.000000
126996.000000, 154921.000000
127036.000000, 155009.000000
127109.000000, 155212.000000
127182.000000, 155409.000000
127261.000000, 155622.000000
127334.000000, 155814.000000
127408.000000, 156019.000000
127505.000000, 156249.000000
127583.000000, 156465.000000
127673.000000, 156695.000000
127755.000000, 156907.000000
127843.000000, 157140.000000
127923.000000, 157358.000000
127995.000000, 157544.000000
128046.000000, 157701.000000
128026.000000, 157659.000000
127806.000000, 157062.000000
127561.000000, 156411.000000
127420.000000, 156030.000000
127363.000000, 155888.000000
127381.000000, 155913.000000
127402.000000, 155976.000000
127452.000000, 156119.000000
127495.000000, 156252.000000
127522.000000, 156324.000000
127533.000000, 156365.000000
127566.000000, 156459.000000
127638.000000, 156665.000000
127715.000000, 156878.000000
127730.000000, 156938.000000
127759.000000, 157016.000000
127813.000000, 157192.000000
127867.000000, 157345.000000
127894.000000, 157444.000000
127930.000000, 157557.000000
127932.000000, 157559.000000
127718.000000, 157043.000000
127458.000000, 156339.000000
127262.000000, 155801.000000
127168.000000, 155526.000000
127137.000000, 155475.000000
127206.000000, 155642.000000
127293.000000, 155904.000000
127299.000000, 156008.000000
127220.000000, 155903.000000
127174.000000, 155800.000000
127141.000000, 155761.000000
127164.000000, 155821.000000
127258.000000, 155980.000000
127389.000000, 156244.000000
127551.000000, 156598.000000
127699.000000, 156967.000000
127822.000000, 157280.000000
127832.000000, 157301.000000
127636.000000, 156780.000000
127338.000000, 155986.000000
127085.000000, 155322.000000
126934.000000, 154913.000000
126852.000000, 154695.000000
126865.000000, 154711.000000
126946.000000, 154905.000000
127008.000000, 155063.000000
127067.000000, 155206.000000
127156.000000, 155412.000000
127267.000000, 155697.000000
127389.000000, 156033.000000
127512.000000, 156339.000000
127608.000000, 156579.000000
127688.000000, 156811.000000
127767.000000, 157031.000000
127828.000000, 157205.000000
127868.000000, 157320.000000
127027.000000, 155134.000000
127049.000000, 155217.000000
127105.000000, 155396.000000
127174.000000, 155563.000000
127212.000000, 155669.000000
127231.000000, 155712.000000
127249.000000, 155797.000000
127298.000000, 155920.000000
127362.000000, 156096.000000
127425.000000, 156269.000000
127495.000000, 156467.000000
127555.000000, 156650.000000
127638.000000, 156848.000000
127674.000000, 156983.000000
127680.000000, 157015.000000
127550.000000, 156662.000000
127256.000000, 155884.000000
127008.000000, 155209.000000
126887.000000, 154892.000000
126820.000000, 154733.000000
126825.000000, 154724.000000
126878.000000, 154856.000000
126950.000000, 155051.000000
127003.000000, 155192.000000
127025.000000, 155266.000000
127067.000000, 155379.000000
127131.000000, 155560.000000
127203.000000, 155739.000000
127259.000000, 155944.000000
127355.000000, 156183.000000
127431.000000, 156395.000000
127467.000000, 156531.000000
127466.000000, 156561.000000
127506.000000, 156670.000000
127470.000000, 156577.000000
127266.000000, 156057.000000
127066.000000, 155540.000000
126937.000000, 155212.000000
126896.000000, 155105.000000
126907.000000, 155136.000000
126947.000000, 155253.000000
126992.000000, 155363.000000
127016.000000, 155446.000000
127037.000000, 155542.000000
127076.000000, 155639.000000
127129.000000, 155767.000000
127175.000000, 155894.000000
127231.000000, 156044.000000
127274.000000, 156167.000000
127305.000000, 156285.000000
127359.000000, 156440.000000
127410.000000, 156578.000000
127386.000000, 156534.000000
127202.000000, 156055.000000
126999.000000, 155520.000000
126879.000000, 155216.000000
126848.000000, 155141.000000
126836.000000, 155130.000000
126854.000000, 155173.000000
126918.000000, 155353.000000
126990.000000, 155521.000000
127020.000000, 155618.000000
127035.000000, 155679.000000
127084.000000, 155806.000000
127148.000000, 155985.000000
127220.000000, 156168.000000
127277.000000, 156329.000000
127319.000000, 156444.000000
127390.000000, 156612.000000
127448.000000, 156794.000000
127511.000000, 156921.000000
127529.000000, 156990.000000
127442.000000, 156761.000000
127244.000000, 156242.000000
127077.000000, 155790.000000
126970.000000, 155521.000000
126918.000000, 155413.000000
126925.000000, 155434.000000
126979.000000, 155591.000000
127054.000000, 155772.000000
127100.000000, 155903.000000
127130.000000, 155981.000000
127137.000000, 156012.000000
127137.000000, 156058.000000
127173.000000, 156154.000000
127235.000000, 156326.000000
127296.000000, 156485.000000
127331.000000, 156597.000000
127359.000000, 156692.000000
127401.000000, 156797.000000
127450.000000, 156939.000000
127486.000000, 157060.000000
127477.000000, 157037.000000
127308.000000, 156594.000000
127112.000000, 156071.000000
126973.000000, 155720.000000
126921.000000, 155591.000000
126903.000000, 155538.000000
126903.000000, 155555.000000
126920.000000, 155624.000000
127072.000000, 155970.000000
127094.000000, 156070.000000
127121.000000, 156169.000000
127174.000000, 156294.000000
127220.000000, 156425.000000
127294.000000, 156591.000000
127360.000000, 156752.000000
127332.000000, 156659.000000
127138.000000, 156125.000000
126924.000000, 155567.000000
126817.000000, 155260.000000
126765.000000, 155139.000000
126747.000000, 155084.000000
126774.000000, 155139.000000
126819.000000, 155274.000000
126837.000000, 155340.000000
126840.000000, 155339.000000
126849.000000, 155351.000000
126884.000000, 155470.000000
126955.000000, 155635.000000
127023.000000, 155804.000000
127080.000000, 155940.000000
127123.000000, 156056.000000
127172.000000, 156196.000000
127228.000000, 156329.000000
127225.000000, 156310.000000
127033.000000, 155802.000000
126796.000000, 155155.000000
126652.000000, 154774.000000
126626.000000, 154661.000000
126616.000000, 154664.000000
126669.000000, 154779.000000
126775.000000, 155038.000000
126863.000000, 155243.000000
126900.000000, 155344.000000
126898.000000, 155340.000000
126906.000000, 155379.000000
126956.000000, 155503.000000
127039.000000, 155687.000000
127097.000000, 155856.000000
127128.000000, 155955.000000
127181.000000, 156086.000000
127243.000000, 156266.000000
127317.000000, 156451.000000
127363.000000, 156577.000000
127199.000000, 156157.000000
126971.000000, 155534.000000
126823.000000, 155114.000000
126767.000000, 154965.000000
126769.000000, 154957.000000
126813.000000, 155086.000000
126933.000000, 155376.000000
127033.000000, 155635.000000
127091.000000, 155773.000000
127145.000000, 155882.000000
127184.000000, 156000.000000
127215.000000, 156113.000000
127326.000000, 156407.000000
127461.000000, 156743.000000
127556.000000, 157008.000000
127625.000000, 157186.000000
127695.000000, 157367.000000
127734.000000, 157503.000000
127723.000000, 157466.000000
127579.000000, 157108.000000
127344.000000, 156473.000000
127099.000000, 155871.000000
126959.000000, 155464.000000
127323.000000, 157015.000000
127121.000000, 156514.000000
126952.000000, 156061.000000
126856.000000, 155821.000000
126806.000000, 155721.000000
126802.000000, 155712.000000
126826.000000, 155783.000000
126867.000000, 155922.000000
126906.000000, 156009.000000
126905.000000, 156019.000000
126916.000000, 156054.000000
126922.000000, 156101.000000
126945.000000, 156174.000000
126993.000000, 156288.000000
127020.000000, 156392.000000
127066.000000, 156535.000000
127115.000000, 156688.000000
127180.000000, 156846.000000
127174.000000, 156845.000000
127005.000000, 156430.000000
126839.000000, 156003.000000
126746.000000, 155780.000000
126710.000000, 155739.000000
126697.000000, 155746.000000
126693.000000, 155761.000000
126699.000000, 155816.000000
126705.000000, 155839.000000
126675.000000, 155805.000000
126664.000000, 155789.000000
126664.000000, 155826.000000
126696.000000, 155887.000000
126727.000000, 155972.000000
126853.000000, 156295.000000
126891.000000, 156400.000000
126912.000000, 156483.000000
126833.000000, 156301.000000
126682.000000, 155885.000000
126556.000000, 155570.000000
126500.000000, 155440.000000
126488.000000, 155415.000000
126491.000000, 155441.000000
126505.000000, 155513.000000
126531.000000, 155574.000000
126531.000000, 155584.000000
126554.000000, 155634.000000
126570.000000, 155676.000000
126614.000000, 155768.000000
126645.000000, 155852.000000
126686.000000, 155949.000000
126724.000000, 156053.000000
126790.000000, 156197.000000
126850.000000, 156346.000000
126882.000000, 156414.000000
126792.000000, 156149.000000
126617.000000, 155696.000000
126479.000000, 155346.000000
126412.000000, 155190.000000
126376.000000, 155112.000000
126383.000000, 155112.000000
126397.000000, 155152.000000
126393.000000, 155162.000000
126379.000000, 155137.000000
126378.000000, 155131.000000
126402.000000, 155166.000000
126424.000000, 155229.000000
126446.000000, 155293.000000
126473.000000, 155385.000000
126544.000000, 155519.000000
126596.000000, 155653.000000
126650.000000, 155802.000000
126717.000000, 155939.000000
126647.000000, 155717.000000
126466.000000, 155257.000000
126351.000000, 154922.000000
126281.000000, 154729.000000
126246.000000, 154636.000000
126243.000000, 154631.000000
126312.000000, 154785.000000
126366.000000, 154916.000000
126365.000000, 154917.000000
126351.000000, 154910.000000
126391.000000, 155001.000000
126436.000000, 155133.000000
126500.000000, 155310.000000
126578.000000, 155513.000000
126611.000000, 155632.000000
126645.000000, 155733.000000
126687.000000, 155841.000000
126734.000000, 155930.000000
126675.000000, 155780.000000
126466.000000, 155228.000000
126238.000000, 154606.000000
126077.000000, 154193.000000
125976.000000, 153920.000000
125897.000000, 153730.000000
125901.000000, 153707.000000
125957.000000, 153835.000000
126030.000000, 153958.000000
126078.000000, 154033.000000
126124.000000, 154111.000000
126211.000000, 154264.000000
126300.000000, 154444.000000
126377.000000, 154583.000000
126452.000000, 154746.000000
126541.000000, 154926.000000
126609.000000, 155087.000000
126666.000000, 155217.000000
126682.000000, 155234.000000
126549.000000, 154829.000000
126350.000000, 154206.000000
126249.000000, 153836.000000
126249.000000, 153759.000000
126306.000000, 153920.000000
126440.000000, 154269.000000
126552.000000, 154543.000000
126605.000000, 154676.000000
126669.000000, 154837.000000
126749.000000, 155012.000000
126781.000000, 155072.000000
126815.000000, 155144.000000
126903.000000, 155359.000000
126969.000000, 155540.000000
127050.000000, 155752.000000
127065.000000, 155783.000000
127083.000000, 155836.000000
127036.000000, 155723.000000
126870.000000, 155254.000000
126652.000000, 154693.000000
126492.000000, 154291.000000
126462.000000, 154203.000000
126470.000000, 154238.000000
126520.000000, 154383.000000
126764.000000, 154999.000000
126811.000000, 155108.000000
126829.000000, 155189.000000
126878.000000, 155320.000000
126925.000000, 155448.000000
126984.000000, 155568.000000
127003.000000, 155661.000000
126929.000000, 155428.000000
126722.000000, 154834.000000
126529.000000, 154339.000000
126467.000000, 154151.000000
126448.000000, 154086.000000
126455.000000, 154086.000000
126511.000000, 154228.000000
126593.000000, 154433.000000
126669.000000, 154604.000000
126694.000000, 154663.000000
126719.000000, 154692.000000
126751.000000, 154779.000000
126818.000000, 154950.000000
126904.000000, 155160.000000
127011.000000, 155423.000000
127127.000000, 155700.000000
127202.000000, 155888.000000
127272.000000, 156067.000000
127324.000000, 156194.000000
127186.000000, 155842.000000
127008.000000, 155360.000000
126889.000000, 155022.000000
126831.000000, 154855.000000
126819.000000, 154818.000000
126846.000000, 154889.000000
126895.000000, 155032.000000
126955.000000, 155173.000000
126972.000000, 155240.000000
126991.000000, 155265.000000
126979.000000, 155260.000000
126996.000000, 155337.000000
127065.000000, 155511.000000
127111.000000, 155630.000000
127181.000000, 155794.000000
127230.000000, 155918.000000
127283.000000, 156059.000000
127321.000000, 156162.000000
127247.000000, 155952.000000
127101.000000, 155539.000000
127005.000000, 155305.000000
126964.000000, 155191.000000
127004.000000, 155285.000000
127034.000000, 155370.000000
127125.000000, 155566.000000
127157.000000, 155665.000000
127133.000000, 155615.000000
127139.000000, 155607.000000
127141.000000, 155650.000000
127229.000000, 155845.000000
127244.000000, 155909.000000
127265.000000, 155974.000000
127283.000000, 156055.000000
127306.000000, 156143.000000
127373.000000, 156295.000000
127353.000000, 156256.000000
127222.000000, 155897.000000
127042.000000, 155405.000000
126945.000000, 155167.000000
126937.000000, 155157.000000
126936.000000, 155150.000000
126949.000000, 155193.000000
126985.000000, 155262.000000
127005.000000, 155328.000000
127025.000000, 155379.000000
127060.000000, 155456.000000
127112.000000, 155607.000000
127185.000000, 155794.000000
127238.000000, 155935.000000
127266.000000, 156037.000000
127293.000000, 156121.000000
127344.000000, 156233.000000
127384.000000, 156358.000000
127377.000000, 156336.000000
127229.000000, 155922.000000
127036.000000, 155411.000000
126911.000000, 155090.000000
126893.000000, 155011.000000
126874.000000, 154975.000000
126903.000000, 155049.000000
126924.000000, 155132.000000
126993.000000, 155276.000000
126964.000000, 155227.000000
127003.000000, 155302.000000
127082.000000, 155471.000000
127074.000000, 155454.000000
127098.000000, 155510.000000
127152.000000, 155639.000000
127237.000000, 155883.000000
127281.000000, 156001.000000
127348.000000, 156147.000000
127383.000000, 156252.000000
127332.000000, 156081.000000
127182.000000, 155658.000000
127185.000000, 155650.000000
127211.000000, 155690.000000
127249.000000, 155750.000000
127279.000000, 155823.000000
127305.000000, 155905.000000
127354.000000, 156034.000000
127409.000000, 156185.000000
127437.000000, 156274.000000
127489.000000, 156403.000000
127533.000000, 156524.000000
127486.000000, 156384.000000
127268.000000, 155783.000000
127084.000000, 155227.000000
126938.000000, 154889.000000
126908.000000, 154804.000000
126905.000000, 154801.000000
126998.000000, 155036.000000
127063.000000, 155196.000000
127082.000000, 155241.000000
127093.000000, 155266.000000
127108.000000, 155304.000000
127159.000000, 155437.000000
127223.000000, 155604.000000
127293.000000, 155793.000000
127345.000000, 155928.000000
127394.000000, 156062.000000
127434.000000, 156139.000000
127452.000000, 156188.000000
127304.000000, 155786.000000
127054.000000, 155144.000000
126860.000000, 154603.000000
126770.000000, 154356.000000
126775.000000, 154342.000000
126804.000000, 154399.000000
126882.000000, 154594.000000
126968.000000, 154778.000000
127004.000000, 154854.000000
127052.000000, 154984.000000
127078.000000, 155031.000000
127126.000000, 155164.000000
127237.000000, 155465.000000
127346.000000, 155737.000000
127454.000000, 156000.000000
127533.000000, 156216.000000
127593.000000, 156397.000000
127616.000000, 156478.000000
127583.000000, 156356.000000
127362.000000, 155791.000000
127114.000000, 155127.000000
126994.000000, 154789.000000
126924.000000, 154601.000000
126878.000000, 154488.000000
126882.000000, 154513.000000
126940.000000, 154659.000000
126983.000000, 154781.000000
126996.000000, 154814.000000
126981.000000, 154765.000000
126956.000000, 154730.000000
126974.000000, 154808.000000
127029.000000, 154951.000000
127091.000000, 155085.000000
127112.000000, 155157.000000
127141.000000, 155213.000000
127168.000000, 155303.000000
127205.000000, 155402.000000
127195.000000, 155417.000000
127063.000000, 155081.000000
126844.000000, 154464.000000
126358.000000, 153407.000000
126352.000000, 153383.000000
126391.000000, 153479.000000
126454.000000, 153615.000000
126530.000000, 153800.000000
126590.000000, 153951.000000
126646.000000, 154084.000000
126695.000000, 154190.000000
126726.000000, 154285.000000
126765.000000, 154397.000000
126827.000000, 154545.000000
126877.000000, 154685.000000
126921.000000, 154794.000000
126971.000000, 154911.000000
127013.000000, 155040.000000
127036.000000, 155127.000000
126988.000000, 154970.000000
126832.000000, 154549.000000
126692.000000, 154190.000000
126625.000000, 153993.000000
126592.000000, 153936.000000
126618.000000, 153951.000000
126659.000000, 154060.000000
126692.000000, 154158.000000
126710.000000, 154206.000000
126737.000000, 154240.000000
126751.000000, 154286.000000
126778.000000, 154356.000000
126814.000000, 154443.000000
126838.000000, 154543.000000
126900.000000, 154660.000000
126932.000000, 154755.000000
127005.000000, 154950.000000
126879.000000, 154618.000000
126703.000000, 154148.000000
126596.000000, 153845.000000
126558.000000, 153713.000000
126528.000000, 153649.000000
126571.000000, 153710.000000
126627.000000, 153829.000000
126668.000000, 153910.000000
126698.000000, 153997.000000
126728.000000, 154064.000000
126736.000000, 154081.000000
126757.000000, 154148.000000
126809.000000, 154285.000000
126864.000000, 154407.000000
126872.000000, 154451.000000
126896.000000, 154522.000000
126931.000000, 154593.000000
126910.000000, 154560.000000
126787.000000, 154202.000000
126602.000000, 153686.000000
126487.000000, 153354.000000
126437.000000, 153200.000000
126435.000000, 153161.000000
126469.000000, 153229.000000
126522.000000, 153355.000000
126584.000000, 153445.000000
126611.000000, 153533.000000
126659.000000, 153627.000000
126717.000000, 153774.000000
126773.000000, 153931.000000
126840.000000, 154079.000000
126909.000000, 154259.000000
126975.000000, 154418.000000
127026.000000, 154584.000000
127087.000000, 154747.000000
127155.000000, 154900.000000
127085.000000, 154736.000000
126903.000000, 154194.000000
126737.000000, 153757.000000
126670.000000, 153568.000000
126674.000000, 153546.000000
126721.000000, 153633.000000
126788.000000, 153814.000000
126851.000000, 153982.000000
126887.000000, 154065.000000
126917.000000, 154128.000000
126935.000000, 154195.000000
126975.000000, 154286.000000
127015.000000, 154389.000000
127062.000000, 154512.000000
127123.000000, 154649.000000
127142.000000, 154750.000000
127175.000000, 154849.000000
127221.000000, 154952.000000
127226.000000, 154991.000000
127140.000000, 154708.000000
126918.000000, 154108.000000
126751.000000, 153624.000000
126673.000000, 153418.000000
126674.000000, 153386.000000
126693.000000, 153431.000000
126763.000000, 153589.000000
126797.000000, 153701.000000
126825.000000, 153748.000000
126863.000000, 153848.000000
126902.000000, 153960.000000
126942.000000, 154057.000000
127136.000000, 155365.000000
127146.000000, 155387.000000
127206.000000, 155514.000000
127228.000000, 155557.000000
127232.000000, 155522.000000
127247.000000, 155533.000000
127274.000000, 155571.000000
127314.000000, 155671.000000
127340.000000, 155739.000000
127367.000000, 155794.000000
127396.000000, 155873.000000
127438.000000, 155974.000000
127458.000000, 156030.000000
127466.000000, 156080.000000
127478.000000, 156096.000000
127380.000000, 155830.000000
127192.000000, 155357.000000
127086.000000, 155041.000000
127051.000000, 154931.000000
127036.000000, 154869.000000
127040.000000, 154875.000000
127087.000000, 155001.000000
127151.000000, 155155.000000
127197.000000, 155274.000000
127210.000000, 155304.000000
127210.000000, 155299.000000
127234.000000, 155329.000000
127273.000000, 155395.000000
127343.000000, 155526.000000
127423.000000, 155708.000000
127536.000000, 155984.000000
127627.000000, 156225.000000
127472.000000, 155791.000000
127291.000000, 155321.000000
127208.000000, 155113.000000
127208.000000, 155116.000000
127230.000000, 155207.000000
127309.000000, 155392.000000
127357.000000, 155540.000000
127386.000000, 155587.000000
127398.000000, 155624.000000
127421.000000, 155684.000000
127455.000000, 155761.000000
127484.000000, 155841.000000
127524.000000, 155936.000000
127562.000000, 156040.000000
127598.000000, 156138.000000
127640.000000, 156229.000000
127645.000000, 156246.000000
127510.000000, 155854.000000
127275.000000, 155221.000000
127109.000000, 154772.000000
127031.000000, 154557.000000
126993.000000, 154464.000000
126995.000000, 154466.000000
127024.000000, 154548.000000
127061.000000, 154631.000000
127107.000000, 154763.000000
127147.000000, 154883.000000
127192.000000, 154992.000000
127244.000000, 155100.000000
127278.000000, 155186.000000
127324.000000, 155324.000000
127398.000000, 155511.000000
127466.000000, 155692.000000
127523.000000, 155818.000000
127540.000000, 155873.000000
127419.000000, 155530.000000
127207.000000, 154923.000000
127071.000000, 154503.000000
127032.000000, 154349.000000
127037.000000, 154355.000000
127092.000000, 154482.000000
127188.000000, 154722.000000
127258.000000, 154911.000000
127297.000000, 154993.000000
127309.000000, 155028.000000
127329.000000, 155107.000000
127399.000000, 155278.000000
127442.000000, 155404.000000
127451.000000, 155435.000000
127438.000000, 155413.000000
127437.000000, 155429.000000
127483.000000, 155529.000000
127530.000000, 155660.000000
127468.000000, 155519.000000
127280.000000, 154973.000000
127087.000000, 154434.000000
126991.000000, 154166.000000
126980.000000, 154159.000000
126994.000000, 154188.000000
127037.000000, 154298.000000
127086.000000, 154423.000000
127112.000000, 154486.000000
127140.000000, 154530.000000
127186.000000, 154661.000000
127259.000000, 154830.000000
127310.000000, 154960.000000
127371.000000, 155075.000000
127428.000000, 155225.000000
